{"count":1,"self":61.484281599999996,"total":244.20475499999998,"children":{"InitializeActuators":{"count":12,"self":0.000712,"total":0.000712,"children":null},"InitializeSensors":{"count":12,"self":0.000514,"total":0.000514,"children":null},"AgentSendState":{"count":211234,"self":1.5321069999999999,"total":6.157017,"children":{"CollectObservations":{"count":506964,"self":0.77399699999999994,"total":0.77399699999999994,"children":null},"WriteActionMask":{"count":506964,"self":0.324325,"total":0.324325,"children":null},"RequestDecision":{"count":506964,"self":1.1451369999999998,"total":3.526588,"children":{"AgentInfo.ToProto":{"count":506964,"self":1.060825,"total":2.3814509999999998,"children":{"GenerateSensorData":{"count":506964,"self":1.3206259999999999,"total":1.3206259999999999,"children":null}}}}}}},"DecideAction":{"count":211234,"self":170.409216,"total":170.409216,"children":null},"AgentAct":{"count":211234,"self":6.1349928,"total":6.152621,"children":{"AgentInfo.ToProto":{"count":2285,"self":0.00773,"total":0.017627999999999998,"children":{"GenerateSensorData":{"count":2285,"self":0.0098979999999999988,"total":0.0098979999999999988,"children":null}}}}}},"gauges":{"3DBall.CumulativeReward":{"count":2285,"max":100.099045,"min":0.200000167,"runningAverage":21.1420879,"value":100.099045,"weightedAverage":100.077438}},"metadata":{"timer_format_version":"0.1.0","start_time_seconds":"1773073530","unity_version":"6000.3.10f1","command_line_arguments":"\/Applications\/Unity\/Hub\/Editor\/6000.3.10f1\/Unity.app\/Contents\/MacOS\/Unity -projectpath \/Users\/judeaustin\/ml-agents\/Project -acceptSoftwareTermsForThisRunOnly -useHub -hubIPC -cloudEnvironment production","communication_protocol_version":"1.5.0","com.unity.ml-agents_version":"4.0.0","scene_name":"3DBall","end_time_seconds":"1773073774"}}